cid,class,pixels_gt,IoU,Acc
0,slz_0,7087969,0.5813327149649532,0.6797947338652299
1,slz_1,12456867,0.62694619872215,0.8096258874723475
2,slz_2,8098395,0.6629203973564766,0.8008318932331653
3,slz_3,2093729,0.6164056373280531,0.7151598893648605
